-- MySQL Script generated by MySQL Workbench
-- Tue Jun 21 15:22:05 2016
-- Model: New Model    Version: 1.0
-- MySQL Workbench Forward Engineering

SET @OLD_UNIQUE_CHECKS=@@UNIQUE_CHECKS, UNIQUE_CHECKS=0;
SET @OLD_FOREIGN_KEY_CHECKS=@@FOREIGN_KEY_CHECKS, FOREIGN_KEY_CHECKS=0;
SET @OLD_SQL_MODE=@@SQL_MODE, SQL_MODE='TRADITIONAL,ALLOW_INVALID_DATES';

-- -----------------------------------------------------
-- Schema jb15u
-- -----------------------------------------------------
DROP SCHEMA IF EXISTS `jb15u` ;

-- -----------------------------------------------------
-- Schema jb15u
-- -----------------------------------------------------
CREATE SCHEMA IF NOT EXISTS `jb15u` DEFAULT CHARACTER SET utf8 COLLATE utf8_general_ci ;
SHOW WARNINGS;
USE `jb15u` ;

-- -----------------------------------------------------
-- Table `jb15u`.`pet_store`
-- -----------------------------------------------------
DROP TABLE IF EXISTS `jb15u`.`pet_store` ;

SHOW WARNINGS;
CREATE TABLE IF NOT EXISTS `jb15u`.`pet_store` (
  `pst_id` SMALLINT UNSIGNED NOT NULL COMMENT '',
  `pst_name` VARCHAR(30) NOT NULL COMMENT '',
  `pst_street` VARCHAR(30) NOT NULL COMMENT '',
  `pst_city` VARCHAR(30) NOT NULL COMMENT '',
  `pst_state` CHAR(2) NOT NULL COMMENT '',
  `pst_zip` INT UNSIGNED NOT NULL COMMENT '',
  `pst_phone` BIGINT UNSIGNED NOT NULL COMMENT '',
  `pst_email` VARCHAR(100) NOT NULL COMMENT '',
  `pst_url` VARCHAR(100) NOT NULL COMMENT '',
  `pst_ytd_sales` DECIMAL(10,2) NOT NULL COMMENT '',
  `pst_notes` VARCHAR(255) NULL COMMENT '',
  PRIMARY KEY (`pst_id`)  COMMENT '')
ENGINE = InnoDB;

SHOW WARNINGS;

-- -----------------------------------------------------
-- Table `jb15u`.`customer`
-- -----------------------------------------------------
DROP TABLE IF EXISTS `jb15u`.`customer` ;

SHOW WARNINGS;
CREATE TABLE IF NOT EXISTS `jb15u`.`customer` (
  `cus_id` SMALLINT UNSIGNED NOT NULL COMMENT '',
  `cus_fname` VARCHAR(30) NOT NULL COMMENT '',
  `cus_lname` VARCHAR(30) NOT NULL COMMENT '',
  `cus_street` VARCHAR(30) NOT NULL COMMENT '',
  `cus_city` VARCHAR(30) NOT NULL COMMENT '',
  `cus_state` CHAR(2) NOT NULL COMMENT '',
  `cus_zip` INT UNSIGNED NOT NULL COMMENT '',
  `cus_phone` BIGINT UNSIGNED NOT NULL COMMENT '',
  `cus_email` VARCHAR(100) NOT NULL COMMENT '',
  `cus_url` VARCHAR(100) NOT NULL COMMENT '',
  `cus_balance` DECIMAL(4,2) NOT NULL COMMENT '',
  `cus_total_sales` DECIMAL(4,2) NOT NULL COMMENT '',
  `cus_notes` VARCHAR(255) NULL COMMENT '',
  PRIMARY KEY (`cus_id`)  COMMENT '')
ENGINE = InnoDB;

SHOW WARNINGS;

-- -----------------------------------------------------
-- Table `jb15u`.`pet`
-- -----------------------------------------------------
DROP TABLE IF EXISTS `jb15u`.`pet` ;

SHOW WARNINGS;
CREATE TABLE IF NOT EXISTS `jb15u`.`pet` (
  `pet_id` SMALLINT UNSIGNED NOT NULL COMMENT '',
  `cus_id` SMALLINT UNSIGNED NULL COMMENT '',
  `pst_id` SMALLINT UNSIGNED NULL COMMENT '',
  `pet_type` VARCHAR(45) NOT NULL COMMENT '',
  `pet_sex` ENUM('m', 'f') NOT NULL COMMENT '',
  `pet_cost` DECIMAL(6,2) NOT NULL COMMENT '',
  `pet_price` DECIMAL(6,2) NOT NULL COMMENT '',
  `pet_age` SMALLINT UNSIGNED NOT NULL COMMENT '',
  `pet_color` VARCHAR(30) NOT NULL COMMENT '',
  `pet_sale` DATE NOT NULL COMMENT '',
  `pet_vaccine` ENUM('y', 'n') NOT NULL COMMENT '',
  `pet_neuter` ENUM('y', 'n') NOT NULL COMMENT '',
  `pet_notes` VARCHAR(255) NULL COMMENT '',
  PRIMARY KEY (`pet_id`)  COMMENT '',
  INDEX `fk_pet_pet store_idx` (`pst_id` ASC)  COMMENT '',
  INDEX `fk_pet_customer1_idx` (`cus_id` ASC)  COMMENT '',
  CONSTRAINT `fk_pet_pet store`
    FOREIGN KEY (`pst_id`)
    REFERENCES `jb15u`.`pet_store` (`pst_id`)
    ON DELETE NO ACTION
    ON UPDATE NO ACTION,
  CONSTRAINT `fk_pet_customer1`
    FOREIGN KEY (`cus_id`)
    REFERENCES `jb15u`.`customer` (`cus_id`)
    ON DELETE NO ACTION
    ON UPDATE NO ACTION)
ENGINE = InnoDB;

SHOW WARNINGS;

SET SQL_MODE=@OLD_SQL_MODE;
SET FOREIGN_KEY_CHECKS=@OLD_FOREIGN_KEY_CHECKS;
SET UNIQUE_CHECKS=@OLD_UNIQUE_CHECKS;

-- -----------------------------------------------------
-- Data for table `jb15u`.`pet_store`
-- -----------------------------------------------------
START TRANSACTION;
USE `jb15u`;
INSERT INTO `jb15u`.`pet_store` (`pst_id`, `pst_name`, `pst_street`, `pst_city`, `pst_state`, `pst_zip`, `pst_phone`, `pst_email`, `pst_url`, `pst_ytd_sales`, `pst_notes`) VALUES (1, 'Petco', '200 Sheridan St', 'Pembroke Pines', 'FL', 33332, 9541112222, 'sheridan@petco.com', 'www.petco.com', 25000.00, NULL);
INSERT INTO `jb15u`.`pet_store` (`pst_id`, `pst_name`, `pst_street`, `pst_city`, `pst_state`, `pst_zip`, `pst_phone`, `pst_email`, `pst_url`, `pst_ytd_sales`, `pst_notes`) VALUES (2, 'Pet Supermarket', '150 Weston Rd', 'Weston', 'FL', 33331, 9541212233, 'weston@petsupermarket.com', 'www.petsupermarket.com', 45000.00, NULL);
INSERT INTO `jb15u`.`pet_store` (`pst_id`, `pst_name`, `pst_street`, `pst_city`, `pst_state`, `pst_zip`, `pst_phone`, `pst_email`, `pst_url`, `pst_ytd_sales`, `pst_notes`) VALUES (3, 'Petsmart', '305 Collins Ave', 'Miami', 'FL', 33156, 3051112222, 'collins@petsmart.com', 'www.petsmart.com', 550000.00, NULL);
INSERT INTO `jb15u`.`pet_store` (`pst_id`, `pst_name`, `pst_street`, `pst_city`, `pst_state`, `pst_zip`, `pst_phone`, `pst_email`, `pst_url`, `pst_ytd_sales`, `pst_notes`) VALUES (4, 'Pet World', '200 Tennessee St', 'Tallahassee', 'FL', 32304, 8501112222, 'tennessee@petworld.com', 'www.petworld.com', 89000.00, NULL);
INSERT INTO `jb15u`.`pet_store` (`pst_id`, `pst_name`, `pst_street`, `pst_city`, `pst_state`, `pst_zip`, `pst_phone`, `pst_email`, `pst_url`, `pst_ytd_sales`, `pst_notes`) VALUES (5, 'Puppy Palace', '150 Peach St', 'Atlanta', 'GA', 30346, 6781112222, 'peach@puppypalace.com', 'www.puppypalace.com', 200000.00, NULL);
INSERT INTO `jb15u`.`pet_store` (`pst_id`, `pst_name`, `pst_street`, `pst_city`, `pst_state`, `pst_zip`, `pst_phone`, `pst_email`, `pst_url`, `pst_ytd_sales`, `pst_notes`) VALUES (6, 'Petco', '105 Pines Blvd', 'Pembroke Pines', 'FL', 33332, 9542223333, 'pines@petco.com', 'www.petco.com', 150000.00, NULL);
INSERT INTO `jb15u`.`pet_store` (`pst_id`, `pst_name`, `pst_street`, `pst_city`, `pst_state`, `pst_zip`, `pst_phone`, `pst_email`, `pst_url`, `pst_ytd_sales`, `pst_notes`) VALUES (7, 'Pet Supermarket', '250 Falcon Ave', 'Weston ', 'FL', 33331, 9542123322, 'falcon@petsupermarket.com', 'www.petsupermarket.com', 250000.00, NULL);
INSERT INTO `jb15u`.`pet_store` (`pst_id`, `pst_name`, `pst_street`, `pst_city`, `pst_state`, `pst_zip`, `pst_phone`, `pst_email`, `pst_url`, `pst_ytd_sales`, `pst_notes`) VALUES (8, 'Petsmart', '400 West Dr', 'Miami', 'FL', 33156, 3052223333, 'west@petsmart.com', 'www.petsmart.com', 48000.00, NULL);
INSERT INTO `jb15u`.`pet_store` (`pst_id`, `pst_name`, `pst_street`, `pst_city`, `pst_state`, `pst_zip`, `pst_phone`, `pst_email`, `pst_url`, `pst_ytd_sales`, `pst_notes`) VALUES (9, 'Pet World', '120 Pensacola Ave', 'Tallahassee', 'FL', 32304, 8502223333, 'pensacola@petworld.com', 'www.petworld.com', 82000.00, NULL);
INSERT INTO `jb15u`.`pet_store` (`pst_id`, `pst_name`, `pst_street`, `pst_city`, `pst_state`, `pst_zip`, `pst_phone`, `pst_email`, `pst_url`, `pst_ytd_sales`, `pst_notes`) VALUES (10, 'Puppy Palace', '200 Tree Ave', 'Atlanta', 'GA', 30346, 6782223333, 'tree@puppypalace.com', 'www.puppypalace.com', 120000.00, NULL);

COMMIT;


-- -----------------------------------------------------
-- Data for table `jb15u`.`customer`
-- -----------------------------------------------------
START TRANSACTION;
USE `jb15u`;
INSERT INTO `jb15u`.`customer` (`cus_id`, `cus_fname`, `cus_lname`, `cus_street`, `cus_city`, `cus_state`, `cus_zip`, `cus_phone`, `cus_email`, `cus_url`, `cus_balance`, `cus_total_sales`, `cus_notes`) VALUES (1, 'Denise', 'Mitchell', '78 Nobel Point', 'Palm Bay', 'FL', 52473, 6990773633, 'dmitchell0@t-online.de', 'http://skyrock.com/ut/mauris/eget/massa/tempor/convallis.jsp?habitasse=interdum&platea=in&dictumst=ante&maecenas=vestibulum&ut=ante&massa=ipsum&quis=primis&augue=in&luctus=faucibus&tincidunt=orci&nulla=luctus&mollis=et&molestie=ultrices&lorem=posuere&quisque=cubilia&ut=curae&erat=duis&curabitur=faucibus&gravida=accumsan&nisi=odio&at=curabitur&nibh=convallis&in=duis&hac=consequat&habitasse=dui&platea=nec&dictumst=nisi&aliquam=volutpat&augue=eleifend&quam=donec&sollicitudin=ut&vitae=dolor&consectetuer=morbi&eget=vel&rutrum=lectus&at=in&lorem=quam&integer=fringilla&tincidunt=rhoncus&ante=mauris&vel=enim&ipsum=leo&praesent=rhoncus', 21, 6790.17, '');
INSERT INTO `jb15u`.`customer` (`cus_id`, `cus_fname`, `cus_lname`, `cus_street`, `cus_city`, `cus_state`, `cus_zip`, `cus_phone`, `cus_email`, `cus_url`, `cus_balance`, `cus_total_sales`, `cus_notes`) VALUES (2, 'Frank', 'Crawford', '47 Starling Trail', 'Buffalo', 'NY', 99135, 9504827400, 'fcrawford1@npr.org', 'http://canalblog.com/in/faucibus/orci/luctus.png?tincidunt=tempus&in=semper&leo=est&maecenas=quam&pulvinar=pharetra&lobortis=magna&est=ac&phasellus=consequat&sit=metus&amet=sapien&erat=ut&nulla=nunc&tempus=vestibulum&vivamus=ante&in=ipsum&felis=primis&eu=in&sapien=faucibus&cursus=orci&vestibulum=luctus&proin=et&eu=ultrices&mi=posuere&nulla=cubilia&ac=curae&enim=mauris&in=viverra&tempor=diam&turpis=vitae&nec=quam&euismod=suspendisse&scelerisque=potenti&quam=nullam&turpis=porttitor&adipiscing=lacus', 58, 1489.77, '');
INSERT INTO `jb15u`.`customer` (`cus_id`, `cus_fname`, `cus_lname`, `cus_street`, `cus_city`, `cus_state`, `cus_zip`, `cus_phone`, `cus_email`, `cus_url`, `cus_balance`, `cus_total_sales`, `cus_notes`) VALUES (3, 'Earl', 'Austin', '061 Lunder Park', 'Miami', 'FL', 51766, 4747910299, 'eaustin2@github.com', 'http://diigo.com/metus/vitae/ipsum/aliquam/non/mauris/morbi.jsp?felis=eget&eu=nunc&sapien=donec&cursus=quis&vestibulum=orci&proin=eget&eu=orci&mi=vehicula&nulla=condimentum&ac=curabitur&enim=in&in=libero&tempor=ut&turpis=massa&nec=volutpat&euismod=convallis&scelerisque=morbi&quam=odio&turpis=odio&adipiscing=elementum&lorem=eu&vitae=interdum&mattis=eu&nibh=tincidunt&ligula=in&nec=leo&sem=maecenas&duis=pulvinar&aliquam=lobortis&convallis=est&nunc=phasellus&proin=sit&at=amet&turpis=erat&a=nulla&pede=tempus&posuere=vivamus&nonummy=in&integer=felis&non=eu&velit=sapien&donec=cursus&diam=vestibulum&neque=proin&vestibulum=eu&eget=mi&vulputate=nulla&ut=ac&ultrices=enim&vel=in&augue=tempor&vestibulum=turpis&ante=nec&ipsum=euismod&primis=scelerisque&in=quam&faucibus=turpis&orci=adipiscing&luctus=lorem&et=vitae&ultrices=mattis', 35, 3259.01, '');
INSERT INTO `jb15u`.`customer` (`cus_id`, `cus_fname`, `cus_lname`, `cus_street`, `cus_city`, `cus_state`, `cus_zip`, `cus_phone`, `cus_email`, `cus_url`, `cus_balance`, `cus_total_sales`, `cus_notes`) VALUES (4, 'Norma', 'Torres', '515 Claremont Crossing', 'San Jose', 'CA', 91139, 6428817266, 'ntorres3@storify.com', 'http://imdb.com/massa/quis/augue/luctus.aspx?aliquet=felis&massa=fusce&id=posuere&lobortis=felis&convallis=sed&tortor=lacus&risus=morbi&dapibus=sem&augue=mauris&vel=laoreet&accumsan=ut&tellus=rhoncus&nisi=aliquet&eu=pulvinar&orci=sed&mauris=nisl&lacinia=nunc&sapien=rhoncus&quis=dui&libero=vel&nullam=sem&sit=sed&amet=sagittis&turpis=nam&elementum=congue&ligula=risus&vehicula=semper&consequat=porta&morbi=volutpat&a=quam&ipsum=pede&integer=lobortis&a=ligula&nibh=sit&in=amet&quis=eleifend&justo=pede&maecenas=libero&rhoncus=quis&aliquam=orci&lacus=nullam&morbi=molestie&quis=nibh&tortor=in&id=lectus&nulla=pellentesque&ultrices=at&aliquet=nulla&maecenas=suspendisse&leo=potenti&odio=cras&condimentum=in&id=purus&luctus=eu&nec=magna&molestie=vulputate&sed=luctus&justo=cum&pellentesque=sociis&viverra=natoque&pede=penatibus&ac=et&diam=magnis&cras=dis&pellentesque=parturient&volutpat=montes&dui=nascetur&maecenas=ridiculus&tristique=mus&est=vivamus&et=vestibulum&tempus=sagittis&semper=sapien&est=cum&quam=sociis&pharetra=natoque&magna=penatibus&ac=et&consequat=magnis&metus=dis&sapien=parturient&ut=montes&nunc=nascetur&vestibulum=ridiculus&ante=mus&ipsum=etiam&primis=vel', 2, 8117.49, '');
INSERT INTO `jb15u`.`customer` (`cus_id`, `cus_fname`, `cus_lname`, `cus_street`, `cus_city`, `cus_state`, `cus_zip`, `cus_phone`, `cus_email`, `cus_url`, `cus_balance`, `cus_total_sales`, `cus_notes`) VALUES (5, 'Jimmy', 'Morris', '75 Portage Place', 'Miami', 'FL', 87889, 4553855104, 'jmorris4@cpanel.net', 'https://gravatar.com/hac/habitasse/platea/dictumst.html?convallis=leo&morbi=maecenas&odio=pulvinar&odio=lobortis&elementum=est&eu=phasellus&interdum=sit&eu=amet&tincidunt=erat&in=nulla&leo=tempus&maecenas=vivamus&pulvinar=in&lobortis=felis&est=eu&phasellus=sapien&sit=cursus&amet=vestibulum&erat=proin&nulla=eu&tempus=mi&vivamus=nulla&in=ac&felis=enim&eu=in&sapien=tempor&cursus=turpis&vestibulum=nec&proin=euismod&eu=scelerisque&mi=quam&nulla=turpis&ac=adipiscing&enim=lorem&in=vitae&tempor=mattis&turpis=nibh&nec=ligula&euismod=nec&scelerisque=sem&quam=duis&turpis=aliquam&adipiscing=convallis&lorem=nunc&vitae=proin&mattis=at&nibh=turpis&ligula=a&nec=pede&sem=posuere&duis=nonummy&aliquam=integer&convallis=non&nunc=velit&proin=donec&at=diam&turpis=neque&a=vestibulum&pede=eget', 32, 8613.3, '');
INSERT INTO `jb15u`.`customer` (`cus_id`, `cus_fname`, `cus_lname`, `cus_street`, `cus_city`, `cus_state`, `cus_zip`, `cus_phone`, `cus_email`, `cus_url`, `cus_balance`, `cus_total_sales`, `cus_notes`) VALUES (6, 'Anthony', 'Peterson', '30 Bluejay Trail', 'Dallas', 'TX', 96654, 6098349854, 'apeterson5@creativecommons.org', 'http://delicious.com/erat/eros/viverra/eget.aspx?convallis=in&nunc=est&proin=risus&at=auctor&turpis=sed&a=tristique&pede=in&posuere=tempus&nonummy=sit&integer=amet&non=sem&velit=fusce&donec=consequat&diam=nulla&neque=nisl&vestibulum=nunc&eget=nisl&vulputate=duis&ut=bibendum&ultrices=felis&vel=sed&augue=interdum&vestibulum=venenatis&ante=turpis&ipsum=enim&primis=blandit&in=mi&faucibus=in&orci=porttitor&luctus=pede&et=justo&ultrices=eu&posuere=massa&cubilia=donec&curae=dapibus&donec=duis&pharetra=at&magna=velit&vestibulum=eu&aliquet=est&ultrices=congue&erat=elementum&tortor=in&sollicitudin=hac&mi=habitasse&sit=platea&amet=dictumst&lobortis=morbi&sapien=vestibulum&sapien=velit&non=id&mi=pretium&integer=iaculis&ac=diam&neque=erat&duis=fermentum&bibendum=justo&morbi=nec&non=condimentum&quam=neque&nec=sapien&dui=placerat&luctus=ante&rutrum=nulla&nulla=justo&tellus=aliquam&in=quis&sagittis=turpis&dui=eget&vel=elit&nisl=sodales', 50, 8929.32, '');
INSERT INTO `jb15u`.`customer` (`cus_id`, `cus_fname`, `cus_lname`, `cus_street`, `cus_city`, `cus_state`, `cus_zip`, `cus_phone`, `cus_email`, `cus_url`, `cus_balance`, `cus_total_sales`, `cus_notes`) VALUES (7, 'Linda', 'Carr', '81 Sheridan Lane', 'Harrisburg', 'PA', 73478, 5872804653, 'lcarr6@parallels.com', 'https://state.tx.us/habitasse/platea/dictumst/aliquam.jpg?sapien=justo&sapien=aliquam&non=quis&mi=turpis&integer=eget&ac=elit&neque=sodales&duis=scelerisque&bibendum=mauris&morbi=sit&non=amet&quam=eros&nec=suspendisse&dui=accumsan&luctus=tortor&rutrum=quis&nulla=turpis&tellus=sed&in=ante&sagittis=vivamus&dui=tortor&vel=duis&nisl=mattis&duis=egestas&ac=metus&nibh=aenean&fusce=fermentum&lacus=donec&purus=ut&aliquet=mauris&at=eget&feugiat=massa&non=tempor&pretium=convallis&quis=nulla&lectus=neque&suspendisse=libero&potenti=convallis&in=eget&eleifend=eleifend&quam=luctus&a=ultricies&odio=eu&in=nibh&hac=quisque&habitasse=id&platea=justo&dictumst=sit&maecenas=amet', 70, 60.51, '');
INSERT INTO `jb15u`.`customer` (`cus_id`, `cus_fname`, `cus_lname`, `cus_street`, `cus_city`, `cus_state`, `cus_zip`, `cus_phone`, `cus_email`, `cus_url`, `cus_balance`, `cus_total_sales`, `cus_notes`) VALUES (8, 'Frances', 'Cox', '4 Eliot Road', 'San Antonio', 'TX', 34019, 3462352387, 'fcox7@studiopress.com', 'https://multiply.com/nulla/mollis.xml?dui=fusce&vel=consequat&sem=nulla&sed=nisl&sagittis=nunc&nam=nisl&congue=duis&risus=bibendum&semper=felis&porta=sed&volutpat=interdum&quam=venenatis&pede=turpis&lobortis=enim&ligula=blandit&sit=mi&amet=in&eleifend=porttitor&pede=pede&libero=justo&quis=eu&orci=massa&nullam=donec&molestie=dapibus&nibh=duis&in=at&lectus=velit&pellentesque=eu&at=est&nulla=congue&suspendisse=elementum&potenti=in&cras=hac&in=habitasse&purus=platea&eu=dictumst&magna=morbi&vulputate=vestibulum&luctus=velit&cum=id&sociis=pretium&natoque=iaculis&penatibus=diam&et=erat&magnis=fermentum&dis=justo&parturient=nec&montes=condimentum&nascetur=neque&ridiculus=sapien&mus=placerat&vivamus=ante&vestibulum=nulla&sagittis=justo&sapien=aliquam&cum=quis&sociis=turpis&natoque=eget&penatibus=elit&et=sodales&magnis=scelerisque&dis=mauris&parturient=sit&montes=amet&nascetur=eros&ridiculus=suspendisse&mus=accumsan&etiam=tortor&vel=quis&augue=turpis&vestibulum=sed&rutrum=ante&rutrum=vivamus&neque=tortor&aenean=duis&auctor=mattis&gravida=egestas&sem=metus', 96, 9670.87, '');
INSERT INTO `jb15u`.`customer` (`cus_id`, `cus_fname`, `cus_lname`, `cus_street`, `cus_city`, `cus_state`, `cus_zip`, `cus_phone`, `cus_email`, `cus_url`, `cus_balance`, `cus_total_sales`, `cus_notes`) VALUES (9, 'Jason', 'Morales', '925 Michigan Avenue', 'Atlanta', 'GA', 76619, 7714888892, 'jmorales8@issuu.com', 'https://vistaprint.com/eget/tempus/vel/pede/morbi/porttitor/lorem.html?in=tellus&congue=nulla&etiam=ut&justo=erat&etiam=id&pretium=mauris&iaculis=vulputate&justo=elementum&in=nullam&hac=varius&habitasse=nulla&platea=facilisi&dictumst=cras&etiam=non&faucibus=velit&cursus=nec&urna=nisi&ut=vulputate&tellus=nonummy&nulla=maecenas&ut=tincidunt&erat=lacus&id=at&mauris=velit&vulputate=vivamus&elementum=vel&nullam=nulla&varius=eget&nulla=eros&facilisi=elementum&cras=pellentesque&non=quisque&velit=porta&nec=volutpat&nisi=erat&vulputate=quisque&nonummy=erat&maecenas=eros&tincidunt=viverra&lacus=eget&at=congue&velit=eget&vivamus=semper&vel=rutrum&nulla=nulla&eget=nunc&eros=purus&elementum=phasellus&pellentesque=in&quisque=felis&porta=donec&volutpat=semper&erat=sapien&quisque=a&erat=libero&eros=nam&viverra=dui&eget=proin&congue=leo&eget=odio&semper=porttitor&rutrum=id&nulla=consequat&nunc=in&purus=consequat&phasellus=ut&in=nulla', 92, 4793.16, '');
INSERT INTO `jb15u`.`customer` (`cus_id`, `cus_fname`, `cus_lname`, `cus_street`, `cus_city`, `cus_state`, `cus_zip`, `cus_phone`, `cus_email`, `cus_url`, `cus_balance`, `cus_total_sales`, `cus_notes`) VALUES (10, 'Bobby', 'Greene', '0 Hoepker Street', 'Schaumburg', 'IL', 71194, 4988721727, 'bgreene9@ocn.ne.jp', 'https://whitehouse.gov/ante/ipsum/primis/in/faucibus/orci.aspx?sit=amet&amet=consectetuer&consectetuer=adipiscing&adipiscing=elit&elit=proin&proin=risus&interdum=praesent&mauris=lectus&non=vestibulum&ligula=quam&pellentesque=sapien&ultrices=varius&phasellus=ut&id=blandit&sapien=non&in=interdum&sapien=in&iaculis=ante&congue=vestibulum&vivamus=ante&metus=ipsum&arcu=primis&adipiscing=in&molestie=faucibus&hendrerit=orci&at=luctus&vulputate=et&vitae=ultrices&nisl=posuere&aenean=cubilia&lectus=curae&pellentesque=duis&eget=faucibus&nunc=accumsan&donec=odio&quis=curabitur&orci=convallis&eget=duis&orci=consequat&vehicula=dui&condimentum=nec&curabitur=nisi&in=volutpat&libero=eleifend&ut=donec&massa=ut&volutpat=dolor&convallis=morbi&morbi=vel&odio=lectus&odio=in&elementum=quam&eu=fringilla&interdum=rhoncus&eu=mauris', 81, 3179.46, '');

COMMIT;


-- -----------------------------------------------------
-- Data for table `jb15u`.`pet`
-- -----------------------------------------------------
START TRANSACTION;
USE `jb15u`;
INSERT INTO `jb15u`.`pet` (`pet_id`, `cus_id`, `pst_id`, `pet_type`, `pet_sex`, `pet_cost`, `pet_price`, `pet_age`, `pet_color`, `pet_sale`, `pet_vaccine`, `pet_neuter`, `pet_notes`) VALUES (1, 1, 1, 'bird', 'm', 3714.19, 7244.42, 3, 'Violet', '2014-06-12', 'y', 'n', '');
INSERT INTO `jb15u`.`pet` (`pet_id`, `cus_id`, `pst_id`, `pet_type`, `pet_sex`, `pet_cost`, `pet_price`, `pet_age`, `pet_color`, `pet_sale`, `pet_vaccine`, `pet_neuter`, `pet_notes`) VALUES (2, 2, 2, 'cat', 'f', 8407.03, 4710.15, 2, 'Yellow', '2014-09-14', 'n', 'y', '');
INSERT INTO `jb15u`.`pet` (`pet_id`, `cus_id`, `pst_id`, `pet_type`, `pet_sex`, `pet_cost`, `pet_price`, `pet_age`, `pet_color`, `pet_sale`, `pet_vaccine`, `pet_neuter`, `pet_notes`) VALUES (3, 3, 3, 'dog', 'm', 3889.0, 5154.17, 5, 'Indigo', '2015-04-09', 'y', 'n', '');
INSERT INTO `jb15u`.`pet` (`pet_id`, `cus_id`, `pst_id`, `pet_type`, `pet_sex`, `pet_cost`, `pet_price`, `pet_age`, `pet_color`, `pet_sale`, `pet_vaccine`, `pet_neuter`, `pet_notes`) VALUES (4, 4, 4, 'lizard', 'f', 6665.78, 5690.62, 7, 'Turquoise', '2013-09-26', 'y', 'n', '');
INSERT INTO `jb15u`.`pet` (`pet_id`, `cus_id`, `pst_id`, `pet_type`, `pet_sex`, `pet_cost`, `pet_price`, `pet_age`, `pet_color`, `pet_sale`, `pet_vaccine`, `pet_neuter`, `pet_notes`) VALUES (5, 5, 5, 'horse', 'f', 2075.03, 4668.55, 4, 'Purple', '2014-06-12', 'y', 'y', '');
INSERT INTO `jb15u`.`pet` (`pet_id`, `cus_id`, `pst_id`, `pet_type`, `pet_sex`, `pet_cost`, `pet_price`, `pet_age`, `pet_color`, `pet_sale`, `pet_vaccine`, `pet_neuter`, `pet_notes`) VALUES (6, 6, 6, 'dog', 'm', 2989.07, 8231.51, 9, 'Blue', '2013-08-04', 'n', 'y', '');
INSERT INTO `jb15u`.`pet` (`pet_id`, `cus_id`, `pst_id`, `pet_type`, `pet_sex`, `pet_cost`, `pet_price`, `pet_age`, `pet_color`, `pet_sale`, `pet_vaccine`, `pet_neuter`, `pet_notes`) VALUES (7, 7, 7, 'cat', 'f', 8163.61, 1622.32, 6, 'Turquoise', '2013-01-03', 'n', 'y', '');
INSERT INTO `jb15u`.`pet` (`pet_id`, `cus_id`, `pst_id`, `pet_type`, `pet_sex`, `pet_cost`, `pet_price`, `pet_age`, `pet_color`, `pet_sale`, `pet_vaccine`, `pet_neuter`, `pet_notes`) VALUES (8, 8, 8, 'dog', 'm', 7124.41, 4118.77, 8, 'Blue', '2013-04-25', 'y', 'n', '');
INSERT INTO `jb15u`.`pet` (`pet_id`, `cus_id`, `pst_id`, `pet_type`, `pet_sex`, `pet_cost`, `pet_price`, `pet_age`, `pet_color`, `pet_sale`, `pet_vaccine`, `pet_neuter`, `pet_notes`) VALUES (9, 9, 9, 'rabbit', 'm', 8974.17, 2673.41, 6, 'Green', '2014-11-23', 'n', 'y', '');
INSERT INTO `jb15u`.`pet` (`pet_id`, `cus_id`, `pst_id`, `pet_type`, `pet_sex`, `pet_cost`, `pet_price`, `pet_age`, `pet_color`, `pet_sale`, `pet_vaccine`, `pet_neuter`, `pet_notes`) VALUES (10, 10, 10, 'cat', 'f', 2978.83, 1886.42, 5, 'Violet', '2015-09-07', 'y', 'y', '');

COMMIT;

